Label,# Samples,Average,Min,Max,Std. Dev.,Error %,Throughput,Received KB/sec,Sent KB/sec,Avg. Bytes
Basic Authorization HTTP Request,10,129,100,177,27.05,0.000%,9.28505,3.91,1.67,431.0
Get Postit notes before creating HTTP Request,10,139,103,193,27.55,0.000%,8.72600,83.91,1.75,9846.4
Create Postit1 HTTP Request,10000,198,106,569,56.35,0.000%,22.86289,10.53,8.35,471.8
Get Postit notes HTTP Request,10000,234,108,804,73.72,0.000%,22.85986,8778.19,4.58,393216.0
TOTAL,20020,216,100,804,68.17,0.000%,45.73240,8782.60,12.92,196652.4
